,npp,pp,boundary
0,28,27,1
1,31,984,1
2,32,33,1
3,32,984,1
4,38,37,1
5,38,984,1
6,39,984,1
7,40,984,1
8,42,138,1
9,52,37,1
10,52,53,1
11,56,53,1
12,56,54,1
13,56,55,1
14,56,59,1
15,57,55,1
16,57,861,1
17,58,59,1
18,60,59,1
19,65,64,1
20,66,64,1
21,67,64,1
22,67,68,1
23,69,68,1
24,70,68,1
25,71,68,1
26,71,72,1
27,73,26,1
28,73,72,1
29,139,138,1
30,151,861,1
31,173,172,1
32,173,625,1
33,174,625,1
34,177,178,1
35,177,625,1
36,181,180,1
37,181,182,1
38,190,194,1
39,193,194,1
40,204,203,1
41,205,206,1
42,207,206,1
43,212,228,1
44,217,228,1
45,218,228,1
46,223,228,1
47,227,228,1
48,229,228,1
49,230,228,1
50,231,228,1
51,232,228,1
52,233,228,1
53,280,287,1
54,286,287,1
55,294,295,1
56,306,295,1
57,331,332,1
58,333,332,1
59,334,335,1
60,336,335,1
61,350,335,1
62,354,332,1
63,354,335,1
64,357,356,1
65,380,439,1
66,381,439,1
67,401,439,1
68,403,404,1
69,418,404,1
70,431,439,1
71,432,439,1
72,433,439,1
73,434,439,1
74,435,439,1
75,436,439,1
76,437,439,1
77,438,439,1
78,440,439,1
79,441,439,1
80,442,439,1
81,443,439,1
82,444,439,1
83,445,439,1
84,451,439,1
85,457,439,1
86,458,439,1
87,460,439,1
88,462,480,1
89,472,479,1
90,472,480,1
91,473,479,1
92,477,479,1
93,478,479,1
94,481,482,1
95,481,483,1
96,485,480,1
97,502,500,1
98,503,500,1
99,514,500,1
100,515,500,1
101,532,533,1
102,534,533,1
103,538,533,1
104,546,1164,1
105,547,1164,1
106,548,1164,1
107,551,1164,1
108,552,1169,1
109,553,1169,1
110,554,1211,1
111,557,1211,1
112,558,1211,1
113,562,596,1
114,563,596,1
115,564,596,1
116,589,590,1
117,591,590,1
118,591,596,1
119,592,596,1
120,595,596,1
121,597,596,1
122,598,545,1
123,611,168,1
124,611,545,1
125,623,625,1
126,624,625,1
127,626,625,1
128,629,625,1
129,630,664,1
130,651,664,1
131,662,664,1
132,663,664,1
133,665,664,1
134,684,664,1
135,685,664,1
136,686,664,1
137,687,664,1
138,688,625,1
139,688,664,1
140,689,625,1
141,772,861,1
142,773,861,1
143,774,861,1
144,775,861,1
145,776,861,1
146,777,55,1
147,777,861,1
148,780,55,1
149,816,815,1
150,816,984,1
151,817,818,1
152,817,984,1
153,822,984,1
154,823,984,1
155,824,984,1
156,825,984,1
157,827,984,1
158,828,984,1
159,829,984,1
160,830,984,1
161,831,984,1
162,832,984,1
163,833,984,1
164,834,984,1
165,835,984,1
166,836,984,1
167,837,984,1
168,838,984,1
169,839,984,1
170,840,984,1
171,841,984,1
172,842,984,1
173,847,984,1
174,848,984,1
175,849,984,1
176,850,984,1
177,851,984,1
178,852,984,1
179,853,984,1
180,854,855,1
181,854,984,1
182,857,35,1
183,857,856,1
184,857,858,1
185,862,55,1
186,862,863,1
187,864,55,1
188,864,863,1
189,865,55,1
190,866,55,1
191,867,55,1
192,868,55,1
193,868,869,1
194,870,855,1
195,870,869,1
196,871,855,1
197,872,855,1
198,897,975,1
199,898,975,1
200,899,975,1
201,900,975,1
202,901,975,1
203,902,975,1
204,903,975,1
205,904,975,1
206,905,975,1
207,906,975,1
208,907,975,1
209,911,855,1
210,927,992,1
211,928,1876,1
212,930,937,1
213,935,937,1
214,936,937,1
215,938,937,1
216,939,937,1
217,947,951,1
218,948,951,1
219,949,951,1
220,950,951,1
221,952,951,1
222,953,951,1
223,954,951,1
224,955,951,1
225,971,975,1
226,972,975,1
227,973,975,1
228,974,975,1
229,976,975,1
230,985,984,1
231,986,987,1
232,993,992,1
233,994,992,1
234,997,1896,1
235,998,1896,1
236,999,1896,1
237,1005,987,1
238,1005,1896,1
239,1006,951,1
240,1008,951,1
241,1009,951,1
242,1010,951,1
243,1011,951,1
244,1012,951,1
245,1013,951,1
246,1015,975,1
247,1016,975,1
248,1017,975,1
249,1018,975,1
250,1019,975,1
251,1032,869,1
252,1032,984,1
253,1034,984,1
254,1035,1036,1
255,1037,1036,1
256,1038,1036,1
257,1040,1036,1
258,1041,1036,1
259,1042,1036,1
260,1042,1158,1
261,1043,1158,1
262,1043,1159,1
263,1045,1159,1
264,1045,1164,1
265,1119,937,1
266,1119,975,1
267,1120,937,1
268,1121,937,1
269,1122,937,1
270,1140,1149,1
271,1141,1149,1
272,1142,1149,1
273,1143,1149,1
274,1147,1149,1
275,1148,1149,1
276,1150,1149,1
277,1160,1159,1
278,1161,1159,1
279,1162,1164,1
280,1163,1164,1
281,1165,1164,1
282,1167,1164,1
283,1167,1169,1
284,1168,1169,1
285,1170,1169,1
286,1170,1171,1
287,1173,1172,1
288,1173,1176,1
289,1174,1175,1
290,1174,1176,1
291,1178,1164,1
292,1178,1177,1
293,1182,1164,1
294,1183,1036,1
295,1183,1164,1
296,1184,1036,1
297,1210,596,1
298,1210,1211,1
299,1210,1263,1
300,1217,1224,1
301,1218,1224,1
302,1219,1224,1
303,1220,1224,1
304,1221,1224,1
305,1222,1224,1
306,1223,1224,1
307,1225,1224,1
308,1229,1224,1
309,1230,1224,1
310,1231,1224,1
311,1231,1234,1
312,1232,1234,1
313,1233,1234,1
314,1235,500,1
315,1235,1234,1
316,1236,500,1
317,1237,500,1
318,1256,500,1
319,1262,1263,1
320,1264,1263,1
321,1276,1756,1
322,1277,1756,1
323,1278,1756,1
324,1279,1756,1
325,1283,1756,1
326,1284,1756,1
327,1285,1756,1
328,1286,1756,1
329,1291,1756,1
330,1316,1756,1
331,1317,1756,1
332,1332,1336,1
333,1332,1599,1
334,1335,1336,1
335,1335,1337,1
336,1357,1364,1
337,1358,1364,1
338,1365,1364,1
339,1379,1364,1
340,1401,1337,1
341,1402,1337,1
342,1403,1337,1
343,1404,1337,1
344,1404,1542,1
345,1405,1542,1
346,1406,1542,1
347,1437,1436,1
348,1444,1436,1
349,1470,439,1
350,1473,439,1
351,1506,1505,1
352,1507,1503,1
353,1508,1503,1
354,1508,1509,1
355,1508,1510,1
356,1511,1510,1
357,1511,1588,1
358,1512,1509,1
359,1513,1588,1
360,1514,1588,1
361,1515,1588,1
362,1521,1522,1
363,1521,1542,1
364,1524,1523,1
365,1524,1542,1
366,1525,1526,1
367,1525,1542,1
368,1529,1528,1
369,1529,1541,1
370,1540,1541,1
371,1551,1541,1
372,1551,1550,1
373,1555,1436,1
374,1559,1436,1
375,1560,1436,1
376,1564,1588,1
377,1565,1588,1
378,1574,1588,1
379,1587,1588,1
380,1592,1588,1
381,1592,1590,1
382,1592,1591,1
383,1593,1591,1
384,1597,1591,1
385,1598,1590,1
386,1598,1591,1
387,1598,1599,1
388,1600,1599,1
389,1623,1626,1
390,1624,1626,1
391,1625,1626,1
392,1627,1626,1
393,1628,1626,1
394,1664,1626,1
395,1673,1626,1
396,1674,1626,1
397,1675,1626,1
398,1676,1626,1
399,1700,2382,1
400,1722,1723,1
401,1722,2382,1
402,1724,1723,1
403,1726,1626,1
404,1726,1723,1
405,1727,1626,1
406,1728,1626,1
407,1729,1626,1
408,1730,1626,1
409,1731,1626,1
410,1740,1626,1
411,1741,1626,1
412,1750,1749,1
413,1750,1756,1
414,1751,1756,1
415,1752,1756,1
416,1753,1756,1
417,1754,1756,1
418,1755,1756,1
419,1757,1756,1
420,1758,1756,1
421,1759,1756,1
422,1760,1756,1
423,1761,1756,1
424,1762,1756,1
425,1763,1756,1
426,1764,1756,1
427,1787,1756,1
428,1787,1788,1
429,1790,1756,1
430,1790,1789,1
431,1794,1756,1
432,1795,1756,1
433,1796,1756,1
434,1798,1036,1
435,1799,1036,1
436,1800,1036,1
437,1801,1036,1
438,1802,1036,1
439,1803,1036,1
440,1804,1036,1
441,1805,1036,1
442,1806,1036,1
443,1807,1036,1
444,1808,1036,1
445,1809,1036,1
446,1810,1036,1
447,1811,1036,1
448,1811,2258,1
449,1851,1036,1
450,1852,1036,1
451,1857,1872,1
452,1861,1872,1
453,1861,1874,1
454,1871,1872,1
455,1873,1872,1
456,1873,1874,1
457,1875,1874,1
458,1877,1876,1
459,1895,1896,1
460,1895,1912,1
461,1901,1912,1
462,1902,1912,1
463,1903,1912,1
464,1905,1912,1
465,1906,1912,1
466,1911,1912,1
467,1913,1912,1
468,1914,1912,1
469,1915,1912,1
470,1916,1912,1
471,1918,1896,1
472,1919,1896,1
473,1928,1912,1
474,1929,1912,1
475,1930,1912,1
476,1931,1912,1
477,1938,1951,1
478,1941,1951,1
479,1943,1951,1
480,1944,1951,1
481,1945,1946,1
482,1945,1951,1
483,1947,1946,1
484,1948,1946,1
485,1949,1946,1
486,1949,1950,1
487,1967,1912,1
488,1968,1912,1
489,2005,2006,1
490,2008,2007,1
491,2008,3561,1
492,2009,3561,1
493,2010,3561,1
494,2011,2012,1
495,2011,3561,1
496,2014,2013,1
497,2015,2013,1
498,2019,2018,1
499,2020,2018,1
500,2021,2018,1
501,2022,2018,1
502,2026,2037,1
503,2027,2030,1
504,2027,2037,1
505,2027,3300,1
506,2028,3300,1
507,2029,3298,1
508,2029,3299,1
509,2029,3300,1
510,2036,2032,1
511,2036,2037,1
512,2038,2037,1
513,2039,2037,1
514,2040,2037,1
515,2041,2037,1
516,2044,2018,1
517,2045,2018,1
518,2060,2018,1
519,2060,3193,1
520,2076,1912,1
521,2107,2108,1
522,2107,3161,1
523,2111,2109,1
524,2112,2110,1
525,2113,2109,1
526,2114,2109,1
527,2129,2109,1
528,2130,2109,1
529,2130,2131,1
530,2132,2131,1
531,2132,2196,1
532,2152,2154,1
533,2153,1872,1
534,2153,2154,1
535,2155,2154,1
536,2156,2154,1
537,2168,3191,1
538,2168,3192,1
539,2168,3193,1
540,2172,2402,1
541,2176,3101,1
542,2177,3101,1
543,2178,3101,1
544,2179,3101,1
545,2180,3101,1
546,2181,3101,1
547,2182,3101,1
548,2185,2196,1
549,2186,2196,1
550,2187,2196,1
551,2188,2196,1
552,2189,2196,1
553,2190,2196,1
554,2192,2196,1
555,2193,2196,1
556,2194,2196,1
557,2195,2196,1
558,2197,2196,1
559,2198,2196,1
560,2199,2196,1
561,2200,2196,1
562,2202,2196,1
563,2203,2196,1
564,2204,2196,1
565,2205,2196,1
566,2206,2196,1
567,2207,2196,1
568,2207,2214,1
569,2208,2214,1
570,2209,2213,1
571,2209,2214,1
572,2212,2213,1
573,2216,2213,1
574,2216,2215,1
575,2219,2215,1
576,2220,2215,1
577,2221,2215,1
578,2222,2214,1
579,2222,2215,1
580,2223,2196,1
581,2223,2214,1
582,2224,2196,1
583,2225,2196,1
584,2226,2196,1
585,2257,2258,1
586,2259,2258,1
587,2360,2359,1
588,2381,1723,1
589,2381,2359,1
590,2381,2382,1
591,2383,2382,1
592,2386,2389,1
593,2387,2389,1
594,2388,2389,1
595,2390,2389,1
596,2391,2389,1
597,2396,2389,1
598,2397,2389,1
599,2398,2389,1
600,2398,2402,1
601,2399,2402,1
602,2400,2402,1
603,2401,2402,1
604,2403,2402,1
605,2404,2402,1
606,2405,2402,1
607,2417,2416,1
608,2424,2416,1
609,2425,2415,1
610,2425,2416,1
611,2425,2658,1
612,2426,2658,1
613,2427,2658,1
614,2428,2429,1
615,2428,2658,1
616,2431,2442,1
617,2432,2442,1
618,2433,2442,1
619,2434,2441,1
620,2434,2442,1
621,2435,2441,1
622,2437,2441,1
623,2438,2441,1
624,2439,2441,1
625,2440,2441,1
626,2440,2444,1
627,2443,2442,1
628,2443,2444,1
629,2445,2444,1
630,2451,2442,1
631,2452,2442,1
632,2453,2442,1
633,2455,2429,1
634,2456,2429,1
635,2456,2629,1
636,2459,2458,1
637,2460,2458,1
638,2460,2461,1
639,2496,1626,1
640,2496,1723,1
641,2496,2502,1
642,2497,2502,1
643,2499,2502,1
644,2500,2502,1
645,2501,2502,1
646,2504,2502,1
647,2505,2502,1
648,2506,2502,1
649,2507,2502,1
650,2508,2510,1
651,2509,2510,1
652,2628,2842,1
653,2636,2633,1
654,2636,2635,1
655,2637,2633,1
656,2638,2633,1
657,2639,2633,1
658,2639,2647,1
659,2640,2633,1
660,2640,2647,1
661,2641,2633,1
662,2641,2647,1
663,2642,2633,1
664,2642,2643,1
665,2642,2647,1
666,2662,2673,1
667,2704,2703,1
668,2704,2705,1
669,2704,4448,1
670,2710,2709,1
671,2710,2730,1
672,2729,2730,1
673,2748,2747,1
674,2748,2749,1
675,2748,2750,1
676,2825,2828,1
677,2826,2828,1
678,2827,2828,1
679,2829,2828,1
680,2829,2864,1
681,2830,2842,1
682,2830,2864,1
683,2831,2842,1
684,2832,2842,1
685,2833,2842,1
686,2834,2842,1
687,2835,2842,1
688,2836,2837,1
689,2836,2842,1
690,2839,2838,1
691,2839,2842,1
692,2840,2842,1
693,2841,2842,1
694,2843,2842,1
695,2843,2844,1
696,2846,2842,1
697,2846,2845,1
698,2847,2842,1
699,2848,2842,1
700,2849,2842,1
701,2849,2850,1
702,2851,2850,1
703,2851,2863,1
704,2862,2863,1
705,2865,2864,1
706,2872,2828,1
707,2878,2828,1
708,2879,2828,1
709,2881,2921,1
710,2889,4243,1
711,2889,4244,1
712,2890,4244,1
713,2891,4244,1
714,2892,4244,1
715,2894,4244,1
716,2895,4244,1
717,2896,2897,1
718,2896,4244,1
719,2899,2898,1
720,2901,2898,1
721,2901,4244,1
722,2902,4244,1
723,2903,4244,1
724,2904,4244,1
725,2907,4244,1
726,2908,4244,1
727,2909,4244,1
728,2910,4188,1
729,2911,4188,1
730,2918,4188,1
731,2919,4188,1
732,2920,2921,1
733,2925,2926,1
734,2927,2926,1
735,3030,4049,1
736,3030,4053,1
737,3031,4053,1
738,3054,3041,1
739,3055,3041,1
740,3068,3101,1
741,3069,3101,1
742,3070,3101,1
743,3071,3101,1
744,3072,3097,1
745,3072,3101,1
746,3073,3097,1
747,3074,3097,1
748,3076,3097,1
749,3077,3097,1
750,3078,3097,1
751,3080,3097,1
752,3080,3099,1
753,3081,3099,1
754,3085,3099,1
755,3096,3099,1
756,3098,3099,1
757,3102,3101,1
758,3103,3101,1
759,3104,3101,1
760,3105,3101,1
761,3106,3101,1
762,3107,3101,1
763,3108,2196,1
764,3109,3110,1
765,3111,3110,1
766,3122,3110,1
767,3123,3110,1
768,3124,3110,1
769,3125,3101,1
770,3125,3110,1
771,3126,3101,1
772,3127,3101,1
773,3128,3101,1
774,3130,3101,1
775,3131,3101,1
776,3132,3101,1
777,3133,3101,1
778,3134,3101,1
779,3135,3101,1
780,3136,3101,1
781,3137,2196,1
782,3155,3154,1
783,3155,3161,1
784,3156,3161,1
785,3157,3161,1
786,3158,3161,1
787,3159,3161,1
788,3160,3161,1
789,3162,3161,1
790,3163,3161,1
791,3164,3161,1
792,3165,3161,1
793,3166,3191,1
794,3167,3176,1
795,3167,3191,1
796,3178,3177,1
797,3187,3177,1
798,3187,3188,1
799,3187,3190,1
800,3197,3195,1
801,3197,3196,1
802,3197,3198,1
803,3199,3194,1
804,3199,3198,1
805,3200,3451,1
806,3201,3451,1
807,3272,3194,1
808,3285,3194,1
809,3285,3196,1
810,3292,2018,1
811,3292,3291,1
812,3293,2018,1
813,3294,2018,1
814,3295,2018,1
815,3296,2018,1
816,3306,3305,1
817,3306,3308,1
818,3307,3308,1
819,3309,3303,1
820,3309,3304,1
821,3309,3308,1
822,3309,3310,1
823,3312,3301,1
824,3312,3302,1
825,3312,3311,1
826,3313,3301,1
827,3315,2032,1
828,3315,3301,1
829,3340,3341,1
830,3342,3341,1
831,3397,3396,1
832,3398,3396,1
833,3402,3440,1
834,3403,3440,1
835,3431,3440,1
836,3439,3440,1
837,3441,3440,1
838,3446,3451,1
839,3450,3451,1
840,3562,3561,1
841,3564,3565,1
842,3566,3565,1
843,3567,3565,1
844,3568,3565,1
845,3569,3565,1
846,3589,3590,1
847,3592,3591,1
848,3593,3591,1
849,3594,3591,1
850,3595,3591,1
851,3613,4997,1
852,3614,4997,1
853,3615,4997,1
854,3616,4997,1
855,3617,3655,1
856,3617,4997,1
857,3618,3655,1
858,3654,3655,1
859,3656,4997,1
860,3657,4997,1
861,3658,4997,1
862,3659,4997,1
863,3874,4997,1
864,3875,4997,1
865,3876,4997,1
866,3877,4997,1
867,3878,4997,1
868,3885,3887,1
869,3888,3887,1
870,3889,3887,1
871,3892,3887,1
872,3892,4113,1
873,3893,3887,1
874,3895,3110,1
875,3895,4113,1
876,3898,3110,1
877,4018,4039,1
878,4019,4039,1
879,4020,4021,1
880,4022,4021,1
881,4042,4041,1
882,4045,4041,1
883,4045,4049,1
884,4046,4049,1
885,4047,4049,1
886,4048,4049,1
887,4052,4053,1
888,4055,4049,1
889,4055,4054,1
890,4056,4049,1
891,4057,4049,1
892,4059,4041,1
893,4060,4040,1
894,4060,4041,1
895,4061,4039,1
896,4061,4040,1
897,4085,3099,1
898,4085,3100,1
899,4086,4113,1
900,4103,4113,1
901,4112,4113,1
902,4114,4113,1
903,4115,4113,1
904,4125,3887,1
905,4125,4113,1
906,4181,4188,1
907,4182,4188,1
908,4183,4188,1
909,4184,4187,1
910,4184,4188,1
911,4185,4187,1
912,4186,4187,1
913,4189,4187,1
914,4190,4187,1
915,4190,4191,1
916,4195,4194,1
917,4197,4193,1
918,4197,4198,1
919,4200,4199,1
920,4202,4188,1
921,4202,4193,1
922,4202,4199,1
923,4203,4188,1
924,4203,4204,1
925,4205,4188,1
926,4205,4204,1
927,4206,4207,1
928,4206,4244,1
929,4210,4209,1
930,4210,4244,1
931,4211,4244,1
932,4212,4244,1
933,4213,4244,1
934,4214,4244,1
935,4215,4244,1
936,4232,4244,1
937,4242,4243,1
938,4242,4244,1
939,4250,4254,1
940,4251,4254,1
941,4252,4254,1
942,4253,4254,1
943,4255,4254,1
944,4255,4564,1
945,4257,4256,1
946,4277,4256,1
947,4278,4256,1
948,4279,4256,1
949,4293,4294,1
950,4349,4351,1
951,4350,4351,1
952,4352,4351,1
953,4364,4367,1
954,4364,4404,1
955,4365,4367,1
956,4366,4367,1
957,4368,4367,1
958,4379,4367,1
959,4381,4367,1
960,4382,4367,1
961,4382,4404,1
962,4403,4404,1
963,4438,4437,1
964,4439,4437,1
965,4440,4436,1
966,4440,4437,1
967,4455,4467,1
968,4460,4436,1
969,4461,4436,1
970,4461,4474,1
971,4462,4474,1
972,4463,4474,1
973,4464,4474,1
974,4465,4474,1
975,4466,4467,1
976,4466,4474,1
977,4468,4467,1
978,4468,6010,1
979,4469,6010,1
980,4471,6010,1
981,4472,6010,1
982,4482,4481,1
983,4482,4484,1
984,4483,4484,1
985,4483,5989,1
986,4510,4519,1
987,4511,4519,1
988,4512,4518,1
989,4513,4517,1
990,4514,4516,1
991,4515,4516,1
992,4524,4523,1
993,4537,4523,1
994,4538,4522,1
995,4539,4521,1
996,4540,4520,1
997,4541,4520,1
998,4542,4520,1
999,4543,4519,1
1000,4545,4477,1
1001,4545,4544,1
1002,4546,4477,1
1003,4553,4554,1
1004,4555,4554,1
1005,4571,4572,1
1006,4573,4572,1
1007,4574,4572,1
1008,4575,4572,1
1009,4576,4572,1
1010,4577,4254,1
1011,4577,4572,1
1012,4578,4254,1
1013,4600,4655,1
1014,4601,4655,1
1015,4602,4655,1
1016,4603,4655,1
1017,4604,4655,1
1018,4605,4655,1
1019,4606,4655,1
1020,4607,4655,1
1021,4608,4655,1
1022,4609,4655,1
1023,4610,4655,1
1024,4612,4655,1
1025,4613,4655,1
1026,4614,4655,1
1027,4615,4655,1
1028,4616,4655,1
1029,4632,4655,1
1030,4653,4655,1
1031,4654,4655,1
1032,4659,4718,1
1033,4659,5881,1
1034,4660,4655,1
1035,4660,4718,1
1036,4661,4718,1
1037,4662,4718,1
1038,4664,4718,1
1039,4681,4655,1
1040,4691,4655,1
1041,4692,4655,1
1042,4703,4655,1
1043,4705,4655,1
1044,4705,4706,1
1045,4707,4655,1
1046,4707,4706,1
1047,4708,4655,1
1048,4709,4655,1
1049,4716,4718,1
1050,4716,5787,1
1051,4717,4718,1
1052,4719,4718,1
1053,4721,4718,1
1054,4735,4021,1
1055,4754,4774,1
1056,4769,4771,1
1057,4770,4771,1
1058,4772,4771,1
1059,4773,4774,1
1060,4775,4774,1
1061,4776,4774,1
1062,4777,4774,1
1063,4778,4774,1
1064,4780,3887,1
1065,4794,5461,1
1066,4853,5571,1
1067,4854,5571,1
1068,4856,5571,1
1069,4925,4929,1
1070,4926,4929,1
1071,4927,4929,1
1072,4928,4929,1
1073,4930,4929,1
1074,4944,4951,1
1075,4946,4951,1
1076,4950,4951,1
1077,4952,4951,1
1078,4969,4929,1
1079,4969,4951,1
1080,4998,4997,1
1081,4999,4997,1
1082,5000,4997,1
1083,5001,4997,1
1084,5047,4997,1
1085,5048,4997,1
1086,5049,4997,1
1087,5068,3591,1
1088,5099,3591,1
1089,5153,3591,1
1090,5154,3591,1
1091,5155,3591,1
1092,5156,3591,1
1093,5157,3591,1
1094,5158,3591,1
1095,5159,3591,1
1096,5160,3591,1
1097,5161,3591,1
1098,5162,3591,1
1099,5163,3591,1
1100,5164,3591,1
1101,5165,3591,1
1102,5166,3591,1
1103,5167,3591,1
1104,5169,3591,1
1105,5170,3591,1
1106,5171,3591,1
1107,5179,3591,1
1108,5191,5194,1
1109,5192,5194,1
1110,5193,5194,1
1111,5195,5194,1
1112,5204,6726,1
1113,5205,6719,1
1114,5208,6719,1
1115,5209,6719,1
1116,5210,6719,1
1117,5211,6719,1
1118,5212,5219,1
1119,5213,5219,1
1120,5214,5219,1
1121,5215,5219,1
1122,5216,5219,1
1123,5217,5219,1
1124,5220,5219,1
1125,5220,5234,1
1126,5235,5234,1
1127,5236,5234,1
1128,5242,5219,1
1129,5242,5234,1
1130,5243,5219,1
1131,5244,5219,1
1132,5245,5219,1
1133,5246,5219,1
1134,5247,5338,1
1135,5294,5302,1
1136,5296,5302,1
1137,5299,5302,1
1138,5303,5302,1
1139,5319,5338,1
1140,5320,5321,1
1141,5320,5338,1
1142,5322,5321,1
1143,5323,5321,1
1144,5324,5321,1
1145,5325,5321,1
1146,5326,5321,1
1147,5326,5337,1
1148,5327,5337,1
1149,5328,5337,1
1150,5332,5337,1
1151,5333,5337,1
1152,5334,5337,1
1153,5335,5337,1
1154,5336,5337,1
1155,5339,5338,1
1156,5355,4997,1
1157,5356,4997,1
1158,5357,4997,1
1159,5358,4997,1
1160,5359,4997,1
1161,5366,6548,1
1162,5375,6548,1
1163,5464,5463,1
1164,5500,5511,1
1165,5501,5510,1
1166,5502,5510,1
1167,5508,5510,1
1168,5509,5510,1
1169,5509,5511,1
1170,5512,5511,1
1171,5570,5571,1
1172,5572,5571,1
1173,5573,5571,1
1174,5607,5613,1
1175,5609,5613,1
1176,5610,5613,1
1177,5611,5613,1
1178,5612,5613,1
1179,5614,5613,1
1180,5615,5613,1
1181,5724,5723,1
1182,5726,5723,1
1183,5728,5722,1
1184,5728,5723,1
1185,5728,5743,1
1186,5735,5743,1
1187,5736,5743,1
1188,5738,5743,1
1189,5739,5743,1
1190,5745,5744,1
1191,5746,5744,1
1192,5747,5744,1
1193,5748,5744,1
1194,5749,5744,1
1195,5750,5744,1
1196,5751,5744,1
1197,5752,5744,1
1198,5753,5744,1
1199,5754,5744,1
1200,5755,5744,1
1201,5755,5787,1
1202,5758,5766,1
1203,5759,5766,1
1204,5763,5766,1
1205,5764,5766,1
1206,5765,5766,1
1207,5767,5766,1
1208,5767,5780,1
1209,5767,5787,1
1210,5770,5780,1
1211,5771,5780,1
1212,5779,5780,1
1213,5782,5780,1
1214,5782,5787,1
1215,5783,5787,1
1216,5784,5787,1
1217,5785,5787,1
1218,5786,5787,1
1219,5837,6074,1
1220,5838,6074,1
1221,5839,6074,1
1222,5840,6074,1
1223,5841,6074,1
1224,5842,6074,1
1225,5843,6074,1
1226,5844,6074,1
1227,5845,6074,1
1228,5846,6074,1
1229,5848,6074,1
1230,5848,6080,1
1231,5850,4655,1
1232,5851,4655,1
1233,5852,4655,1
1234,5853,4655,1
1235,5854,4655,1
1236,5891,5892,1
1237,5891,5893,1
1238,5891,5894,1
1239,5891,5897,1
1240,5891,6010,1
1241,5899,5896,1
1242,5899,5897,1
1243,5899,5898,1
1244,5910,5907,1
1245,5926,5927,1
1246,5928,5927,1
1247,5936,4655,1
1248,5937,4655,1
1249,5938,4655,1
1250,5939,4655,1
1251,5941,4655,1
1252,5942,4655,1
1253,5957,6010,1
1254,5958,5981,1
1255,5980,5981,1
1256,5982,5981,1
1257,5983,6010,1
1258,5984,6010,1
1259,5985,6010,1
1260,5986,6010,1
1261,5987,4479,1
1262,5987,6010,1
1263,5988,5989,1
1264,5993,5992,1
1265,5994,5992,1
1266,5995,5992,1
1267,5996,5992,1
1268,5996,5997,1
1269,6009,4554,1
1270,6011,6010,1
1271,6016,6015,1
1272,6025,7386,1
1273,6027,7394,1
1274,6028,7394,1
1275,6044,6045,1
1276,6051,6047,1
1277,6051,6050,1
1278,6052,6047,1
1279,6053,6047,1
1280,6059,6061,1
1281,6066,6061,1
1282,6067,7301,1
1283,6068,7301,1
1284,6069,6106,1
1285,6069,7301,1
1286,6076,6075,1
1287,6077,6074,1
1288,6077,6075,1
1289,6079,6073,1
1290,6079,6074,1
1291,6079,6080,1
1292,6092,6093,1
1293,6107,7301,1
1294,6107,7347,1
1295,6108,7301,1
1296,6109,7301,1
1297,6130,6129,1
1298,6284,6318,1
1299,6287,6291,1
1300,6290,6291,1
1301,6292,6291,1
1302,6294,6291,1
1303,6295,6291,1
1304,6297,6296,1
1305,6320,6318,1
1306,6320,6319,1
1307,6321,6318,1
1308,6439,6443,1
1309,6440,6443,1
1310,6441,6443,1
1311,6442,6443,1
1312,6444,6443,1
1313,6445,6443,1
1314,6446,6443,1
1315,6449,3590,1
1316,6449,4997,1
1317,6449,6463,1
1318,6449,6548,1
1319,6462,6463,1
1320,6465,6463,1
1321,6465,6470,1
1322,6466,6470,1
1323,6468,6472,1
1324,6469,6470,1
1325,6469,6472,1
1326,6473,6472,1
1327,6473,6550,1
1328,6572,6550,1
1329,6573,6549,1
1330,6573,6550,1
1331,6574,6549,1
1332,6575,6549,1
1333,6576,6549,1
1334,6577,6549,1
1335,6578,6549,1
1336,6579,6549,1
1337,6623,6855,1
1338,6637,6649,1
1339,6638,6648,1
1340,6638,6649,1
1341,6639,6646,1
1342,6640,6646,1
1343,6642,6646,1
1344,6645,6646,1
1345,6647,6646,1
1346,6647,6648,1
1347,6650,6648,1
1348,6651,6648,1
1349,6652,6648,1
1350,6654,6648,1
1351,6658,5337,1
1352,6659,5337,1
1353,6660,5337,1
1354,6661,5338,1
1355,6662,5338,1
1356,6663,5338,1
1357,6664,5338,1
1358,6665,5338,1
1359,6666,5338,1
1360,6667,5338,1
1361,6668,5338,1
1362,6669,5338,1
1363,6672,5338,1
1364,6673,5218,1
1365,6673,5338,1
1366,6693,5218,1
1367,6693,5219,1
1368,6699,5219,1
1369,6700,5219,1
1370,6702,5219,1
1371,6703,5219,1
1372,6704,5219,1
1373,6705,5219,1
1374,6706,5219,1
1375,6707,5219,1
1376,6708,5219,1
1377,6709,5219,1
1378,6710,5219,1
1379,6711,5219,1
1380,6712,6719,1
1381,6713,6719,1
1382,6714,6719,1
1383,6715,6719,1
1384,6716,6719,1
1385,6717,6719,1
1386,6718,6719,1
1387,6720,6719,1
1388,6721,6719,1
1389,6722,6719,1
1390,6723,6719,1
1391,6724,6719,1
1392,6725,6719,1
1393,6727,6726,1
1394,6746,5219,1
1395,6797,6649,1
1396,6798,6649,1
1397,6814,6813,1
1398,6814,6819,1
1399,6814,7864,1
1400,6814,7934,1
1401,6814,7935,1
1402,6814,7936,1
1403,6814,7940,1
1404,6814,7941,1
1405,6814,7942,1
1406,6814,7978,1
1407,6814,7979,1
1408,6814,7991,1
1409,6815,6813,1
1410,6817,6819,1
1411,6818,6819,1
1412,6850,6859,1
1413,6850,7981,1
1414,6851,6859,1
1415,6854,6859,1
1416,6856,6855,1
1417,6860,6859,1
1418,6860,7866,1
1419,6862,7866,1
1420,6863,7866,1
1421,6874,7866,1
1422,6961,6962,1
1423,6965,6855,1
1424,6983,7012,1
1425,6985,7012,1
1426,6986,7012,1
1427,6987,7012,1
1428,7011,7012,1
1429,7013,7012,1
1430,7014,7012,1
1431,7015,7012,1
1432,7016,7012,1
1433,7017,7012,1
1434,7025,7012,1
1435,7026,7012,1
1436,7046,7061,1
1437,7049,7052,1
1438,7049,7061,1
1439,7051,7052,1
1440,7053,7052,1
1441,7053,7061,1
1442,7054,7052,1
1443,7055,7061,1
1444,7056,7061,1
1445,7057,7061,1
1446,7058,7061,1
1447,7059,7061,1
1448,7060,7061,1
1449,7063,7061,1
1450,7064,7061,1
1451,7067,7061,1
1452,7118,7117,1
1453,7133,7113,1
1454,7133,7114,1
1455,7139,7113,1
1456,7145,7113,1
1457,7145,7146,1
1458,7178,6296,1
1459,7202,6291,1
1460,7203,6291,1
1461,7246,7247,1
1462,7250,7249,1
1463,7252,7249,1
1464,7253,7249,1
1465,7299,7656,1
1466,7300,7301,1
1467,7302,7301,1
1468,7303,7301,1
1469,7304,7301,1
1470,7304,7332,1
1471,7307,7331,1
1472,7308,7331,1
1473,7309,7331,1
1474,7310,7331,1
1475,7327,7331,1
1476,7328,7331,1
1477,7329,7330,1
1478,7329,7331,1
1479,7333,7301,1
1480,7333,7656,1
1481,7337,7336,1
1482,7338,7336,1
1483,7340,7336,1
1484,7344,7336,1
1485,7345,7336,1
1486,7346,7336,1
1487,7346,7347,1
1488,7378,7377,1
1489,7379,6046,1
1490,7379,7377,1
1491,7387,7386,1
1492,7390,7386,1
1493,7391,7386,1
1494,7391,7392,1
1495,7391,7396,1
1496,7391,7397,1
1497,7391,7398,1
1498,7393,7392,1
1499,7393,7394,1
1500,7395,7394,1
1501,7400,7408,1
1502,7401,7408,1
1503,7402,7408,1
1504,7403,7408,1
1505,7404,7408,1
1506,7405,7408,1
1507,7406,6015,1
1508,7406,7408,1
1509,7413,7412,1
1510,7414,8276,1
1511,7415,8276,1
1512,7416,8276,1
1513,7417,8276,1
1514,7418,8276,1
1515,7419,8276,1
1516,7420,8276,1
1517,7420,8300,1
1518,7421,8300,1
1519,7423,8346,1
1520,7435,7434,1
1521,7435,7438,1
1522,7436,7384,1
1523,7436,7434,1
1524,7436,7438,1
1525,7439,7375,1
1526,7445,7446,1
1527,7448,7449,1
1528,7448,7452,1
1529,7451,7450,1
1530,7669,7670,1
1531,7669,7861,1
1532,7673,7671,1
1533,7673,7672,1
1534,7674,7671,1
1535,7675,7671,1
1536,7676,7671,1
1537,7676,7677,1
1538,7680,7679,1
1539,7680,7861,1
1540,7686,7861,1
1541,7687,7861,1
1542,7705,7707,1
1543,7705,7712,1
1544,7706,7707,1
1545,7708,7707,1
1546,7710,7707,1
1547,7711,7707,1
1548,7728,7725,1
1549,7729,7725,1
1550,7750,7712,1
1551,7778,7113,1
1552,7780,7779,1
1553,7782,7779,1
1554,7782,7783,1
1555,7791,7105,1
1556,7791,7790,1
1557,7855,7925,1
1558,7860,7861,1
1559,7862,7861,1
1560,7869,7866,1
1561,7869,7871,1
1562,7870,7871,1
1563,7887,7897,1
1564,7892,7896,1
1565,7892,7897,1
1566,7894,7896,1
1567,7895,7896,1
1568,7909,7908,1
1569,7909,7997,1
1570,7910,7997,1
1571,7912,7997,1
1572,7913,7997,1
1573,7914,7997,1
1574,7915,7997,1
1575,7916,7997,1
1576,7924,7925,1
1577,7926,7861,1
1578,7937,7936,1
1579,7937,7938,1
1580,7939,7938,1
1581,7939,7940,1
1582,7943,7942,1
1583,7943,7991,1
1584,7944,7991,1
1585,7945,7991,1
1586,7946,7864,1
1587,7946,7991,1
1588,7973,7864,1
1589,7974,7864,1
1590,7975,7864,1
1591,7976,7864,1
1592,7977,7864,1
1593,7977,7978,1
1594,7980,7979,1
1595,7980,7981,1
1596,7982,7981,1
1597,7984,7981,1
1598,7985,7981,1
1599,7996,7997,1
1600,8001,7999,1
1601,8003,7997,1
1602,8003,7999,1
1603,8003,8000,1
1604,8003,8521,1
1605,8004,8520,1
1606,8004,8521,1
1607,8006,8575,1
1608,8007,8575,1
1609,8066,8067,1
1610,8068,8067,1
1611,8068,8069,1
1612,8070,8067,1
1613,8070,8069,1
1614,8075,8067,1
1615,8107,7707,1
1616,8108,7707,1
1617,8118,7707,1
1618,8127,7707,1
1619,8127,8128,1
1620,8130,8129,1
1621,8137,8129,1
1622,8138,8129,1
1623,8138,8139,1
1624,8170,8176,1
1625,8177,8176,1
1626,8178,8176,1
1627,8201,8199,1
1628,8202,8199,1
1629,8207,8199,1
1630,8218,8212,1
1631,8218,8217,1
1632,8218,8219,1
1633,8229,7450,1
1634,8229,8223,1
1635,8229,8232,1
1636,8230,8232,1
1637,8231,8232,1
1638,8233,8232,1
1639,8234,8232,1
1640,8236,8235,1
1641,8236,8373,1
1642,8237,8373,1
1643,8238,8373,1
1644,8243,8242,1
1645,8244,7427,1
1646,8244,8242,1
1647,8249,8247,1
1648,8249,8248,1
1649,8250,8248,1
1650,8251,8263,1
1651,8251,8266,1
1652,8252,8263,1
1653,8260,8263,1
1654,8261,8263,1
1655,8262,8263,1
1656,8264,8263,1
1657,8265,8263,1
1658,8265,8266,1
1659,8267,8266,1
1660,8267,8268,1
1661,8269,8266,1
1662,8269,8268,1
1663,8270,8266,1
1664,8272,7430,1
1665,8272,7431,1
1666,8272,8271,1
1667,8273,8266,1
1668,8273,8271,1
1669,8280,8300,1
1670,8281,8300,1
1671,8282,8300,1
1672,8283,8300,1
1673,8284,8300,1
1674,8285,8300,1
1675,8286,8300,1
1676,8287,8300,1
1677,8288,8300,1
1678,8289,8300,1
1679,8290,8300,1
1680,8291,8300,1
1681,8292,8300,1
1682,8293,8300,1
1683,8294,8300,1
1684,8295,8300,1
1685,8296,8300,1
1686,8297,8300,1
1687,8298,8300,1
1688,8299,8300,1
1689,8301,8300,1
1690,8302,8300,1
1691,8304,8303,1
1692,8305,8303,1
1693,8306,8303,1
1694,8307,8303,1
1695,8308,8303,1
1696,8309,8303,1
1697,8310,8303,1
1698,8310,8349,1
1699,8311,8349,1
1700,8312,8349,1
1701,8313,8349,1
1702,8314,8346,1
1703,8315,8346,1
1704,8316,8346,1
1705,8317,8346,1
1706,8318,8346,1
1707,8319,8346,1
1708,8320,8346,1
1709,8321,8346,1
1710,8322,8346,1
1711,8337,8346,1
1712,8338,8346,1
1713,8339,8346,1
1714,8340,8346,1
1715,8341,8346,1
1716,8342,8346,1
1717,8343,8346,1
1718,8344,8346,1
1719,8348,8349,1
1720,8367,8368,1
1721,8367,8942,1
1722,8372,8300,1
1723,8372,8912,1
1724,8374,7452,1
1725,8374,8373,1
1726,8375,7452,1
1727,8376,7452,1
1728,8380,8391,1
1729,8384,8391,1
1730,8385,8391,1
1731,8386,8391,1
1732,8387,8391,1
1733,8388,8391,1
1734,8390,8391,1
1735,8390,8392,1
1736,8400,8399,1
1737,8400,8404,1
1738,8400,8406,1
1739,8401,8402,1
1740,8401,8404,1
1741,8401,8406,1
1742,8407,8405,1
1743,8407,8406,1
1744,8407,8410,1
1745,8408,8406,1
1746,8408,8410,1
1747,8409,8406,1
1748,8409,8410,1
1749,8428,8404,1
1750,8428,8450,1
1751,8446,8404,1
1752,8447,8404,1
1753,8448,8404,1
1754,8448,8449,1
1755,8458,8450,1
1756,8471,8472,1
1757,8474,8475,1
1758,8476,8475,1
1759,8487,8705,1
1760,8487,8706,1
1761,8490,8706,1
1762,8491,8706,1
1763,8492,8493,1
1764,8492,8706,1
1765,8502,8504,1
1766,8503,8504,1
1767,8505,8504,1
1768,8513,8512,1
1769,8519,8649,1
1770,8523,8522,1
1771,8541,8540,1
1772,8541,8602,1
1773,8542,8602,1
1774,8543,8602,1
1775,8558,8504,1
1776,8559,8504,1
1777,8564,8575,1
1778,8565,8575,1
1779,8571,8572,1
1780,8571,8575,1
1781,8573,8572,1
1782,8573,8574,1
1783,8578,8589,1
1784,8581,8589,1
1785,8582,8589,1
1786,8583,8589,1
1787,8584,8589,1
1788,8585,8589,1
1789,8586,8589,1
1790,8587,8589,1
1791,8588,8589,1
1792,8590,8589,1
1793,8591,8589,1
1794,8594,8602,1
1795,8597,8602,1
1796,8601,8602,1
1797,8603,8602,1
1798,8604,8540,1
1799,8604,8602,1
1800,8616,8619,1
1801,8617,8618,1
1802,8617,8619,1
1803,8629,8623,1
1804,8629,9311,1
1805,8636,9311,1
1806,8648,8649,1
1807,8653,8654,1
1808,8653,9195,1
1809,8655,8654,1
1810,8679,8654,1
1811,8690,8693,1
1812,8692,8693,1
1813,8692,8694,1
1814,8695,8694,1
1815,8695,8707,1
1816,8696,8697,1
1817,8696,8707,1
1818,8698,8697,1
1819,8698,8699,1
1820,8698,8706,1
1821,8698,8707,1
1822,8701,8700,1
1823,8701,8706,1
1824,8702,8703,1
1825,8702,8706,1
1826,8708,8494,1
1827,8708,8706,1
1828,8710,8706,1
1829,8711,8706,1
1830,8712,8706,1
1831,8712,8707,1
1832,8714,8404,1
1833,8715,8404,1
1834,8716,8404,1
1835,8716,8411,1
1836,8722,8404,1
1837,8725,8707,1
1838,8726,8707,1
1839,8739,8707,1
1840,8748,9154,1
1841,8749,9154,1
1842,8750,9154,1
1843,8754,9154,1
1844,8755,9154,1
1845,8756,9154,1
1846,8758,8757,1
1847,8767,8777,1
1848,8767,8781,1
1849,8782,8780,1
1850,8785,8781,1
1851,8807,8781,1
1852,8809,8781,1
1853,8810,8811,1
1854,8812,8811,1
1855,8829,8830,1
1856,8829,8831,1
1857,8832,8830,1
1858,8848,8850,1
1859,8849,8850,1
1860,8851,8850,1
1861,8851,8852,1
1862,8857,8856,1
1863,8857,8870,1
1864,8858,8870,1
1865,8869,8870,1
1866,8871,8870,1
1867,8873,8870,1
1868,8876,8877,1
1869,8876,8962,1
1870,8882,8881,1
1871,8882,8912,1
1872,8939,8940,1
1873,8941,8940,1
1874,8941,8942,1
1875,8943,8942,1
1876,8945,8942,1
1877,8946,8912,1
1878,8947,8300,1
1879,8947,8912,1
1880,8948,8912,1
1881,8950,8912,1
1882,8950,8952,1
1883,8951,8952,1
1884,8954,8912,1
1885,8954,8953,1
1886,8954,8962,1
1887,8955,8962,1
1888,8961,8962,1
1889,8963,9043,1
1890,8971,9560,1
1891,8972,9560,1
1892,8974,8975,1
1893,8976,8975,1
1894,8977,8975,1
1895,9032,9043,1
1896,9033,9043,1
1897,9042,9043,1
1898,9044,9043,1
1899,9045,9043,1
1900,9065,8811,1
1901,9065,9064,1
1902,9066,8811,1
1903,9067,8811,1
1904,9068,8757,1
1905,9068,8811,1
1906,9069,8811,1
1907,9070,8811,1
1908,9071,8811,1
1909,9072,8811,1
1910,9073,8811,1
1911,9074,8811,1
1912,9075,8811,1
1913,9090,8811,1
1914,9091,8811,1
1915,9092,8811,1
1916,9093,8811,1
1917,9109,8811,1
1918,9110,8811,1
1919,9120,8693,1
1920,9135,9154,1
1921,9147,9154,1
1922,9148,9154,1
1923,9149,9154,1
1924,9150,9154,1
1925,9151,9154,1
1926,9152,9154,1
1927,9155,9154,1
1928,9156,9154,1
1929,9157,9154,1
1930,9158,9154,1
1931,9159,9154,1
1932,9160,9154,1
1933,9162,9154,1
1934,9162,9163,1
1935,9164,9154,1
1936,9164,9163,1
1937,9165,9154,1
1938,9171,9154,1
1939,9173,9154,1
1940,9174,9154,1
1941,9175,9154,1
1942,9176,9154,1
1943,9176,9177,1
1944,9178,9154,1
1945,9178,9177,1
1946,9179,9154,1
1947,9180,9154,1
1948,9181,9154,1
1949,9190,9191,1
1950,9192,9191,1
1951,9192,9443,1
1952,9193,9195,1
1953,9193,9857,1
1954,9201,8654,1
1955,9203,8654,1
1956,9204,8654,1
1957,9204,9195,1
1958,9210,9857,1
1959,9211,9857,1
1960,9212,9857,1
1961,9213,9857,1
1962,9214,9857,1
1963,9215,9857,1
1964,9216,9857,1
1965,9246,9311,1
1966,9248,9311,1
1967,9258,9263,1
1968,9259,9263,1
1969,9259,9857,1
1970,9276,9857,1
1971,9285,9284,1
1972,9287,9282,1
1973,9287,9283,1
1974,9287,9284,1
1975,9288,9282,1
1976,9289,9282,1
1977,9290,8620,1
1978,9290,9282,1
1979,9291,8620,1
1980,9292,8619,1
1981,9292,8620,1
1982,9306,9311,1
1983,9308,9311,1
1984,9309,9311,1
1985,9310,9311,1
1986,9312,9311,1
1987,9316,9311,1
1988,9317,9311,1
1989,9317,9321,1
1990,9320,9321,1
1991,9328,9263,1
1992,9328,9857,1
1993,9329,9857,1
1994,9331,9857,1
1995,9333,9342,1
1996,9333,9857,1
1997,9341,9342,1
1998,9343,9342,1
1999,9344,9857,1
2000,9345,9857,1
2001,9346,9857,1
2002,9384,9401,1
2003,9385,9401,1
2004,9400,9401,1
2005,9402,9401,1
2006,9421,9061,1
2007,9424,9443,1
2008,9425,9443,1
2009,9428,9443,1
2010,9429,9443,1
2011,9430,9443,1
2012,9436,9443,1
2013,9437,9443,1
2014,9438,9443,1
2015,9439,9443,1
2016,9440,9443,1
2017,9441,9443,1
2018,9442,9191,1
2019,9442,9443,1
2020,9446,9061,1
2021,9454,9061,1
2022,9454,9453,1
2023,9462,9463,1
2024,9462,9464,1
2025,9465,9464,1
2026,9465,9468,1
2027,9466,9468,1
2028,9467,9468,1
2029,9473,9660,1
2030,9473,9730,1
2031,9474,9660,1
2032,9481,9464,1
2033,9493,9660,1
2034,9494,9660,1
2035,9495,9660,1
2036,9495,9661,1
2037,9508,9663,1
2038,9535,9554,1
2039,9538,9554,1
2040,9549,8975,1
2041,9553,9554,1
2042,9555,9554,1
2043,9557,9560,1
2044,9557,9562,1
2045,9559,8975,1
2046,9559,9560,1
2047,9563,9562,1
2048,9564,9562,1
2049,9564,9571,1
2050,9570,9571,1
2051,9573,9572,1
2052,9574,9572,1
2053,9593,9906,1
2054,9594,9906,1
2055,9595,9906,1
2056,9596,9906,1
2057,9597,9906,1
2058,9597,9908,1
2059,9605,9908,1
2060,9605,9911,1
2061,9606,9608,1
2062,9607,9608,1
2063,9609,9608,1
2064,9610,9608,1
2065,9610,9646,1
2066,9645,9646,1
2067,9647,9646,1
2068,9662,9661,1
2069,9662,9663,1
2070,9664,9663,1
2071,9665,9663,1
2072,9665,9671,1
2073,9666,9670,1
2074,9667,9670,1
2075,9668,9670,1
2076,9668,9671,1
2077,9673,9670,1
2078,9676,9670,1
2079,9676,9672,1
2080,9676,9903,1
2081,9676,9906,1
2082,9693,9694,1
2083,9693,9728,1
2084,9696,9695,1
2085,9696,9902,1
2086,9697,9902,1
2087,9698,9902,1
2088,9699,9902,1
2089,9700,9902,1
2090,9701,9729,1
2091,9701,9902,1
2092,9702,9729,1
2093,9703,9729,1
2094,9703,9730,1
2095,9704,9730,1
2096,9714,9715,1
2097,9716,9715,1
2098,9721,9722,1
2099,9723,9722,1
2100,9727,9730,1
2101,9738,9737,1
2102,9743,9737,1
2103,9743,9745,1
2104,9744,9745,1
2105,9755,9857,1
2106,9833,9745,1
2107,9836,9401,1
2108,9837,9401,1
2109,9838,9401,1
2110,9839,9401,1
2111,9840,9401,1
2112,9841,9401,1
2113,9843,9401,1
2114,9844,9401,1
2115,9845,9401,1
2116,9846,9401,1
2117,9846,9745,1
2118,9847,9745,1
2119,9847,9746,1
2120,9855,9857,1
2121,9856,9857,1
2122,9858,9857,1
2123,9862,9857,1
2124,9863,9857,1
2125,9867,9857,1
2126,9869,9857,1
2127,9870,9857,1
2128,9873,9857,1
2129,9893,9857,1
2130,9896,9857,1
2131,9907,9908,1
2132,9912,9910,1
2133,9912,9911,1
2134,9913,9910,1
